source,dest
https://experienceleague.adobe.com/docs/commerce-knowledge-base/kb/troubleshooting/known-issues-patches-attached/adobe-commerce-2.4.0-2.4.5-security-hotfix-for-cve-2022-35698.html,https://experienceleague.adobe.com/docs/commerce-knowledge-base/kb/troubleshooting/known-issues-patches-attached/adobe-commerce-2.4.3-p2-2.4.5-security-hotfix-for-cve-2022-35698.html
https://experienceleague.adobe.com/docs/commerce-knowledge-base/kb/best-practices/database/best-practice-for-triggers-usage.html,https://experienceleague.adobe.com/docs/commerce-operations/implementation-playbook/best-practices/planning/mysql-triggers-usage.html
https://experienceleague.adobe.com/docs/commerce-knowledge-base/kb/best-practices/redis/install-redis-5-for-magento-commerce-cloud-2.3.3-or-later.html,https://experienceleague.adobe.com/docs/commerce-operations/implementation-playbook/best-practices/planning/redis-service-configuration.html
https://experienceleague.adobe.com/docs/commerce-knowledge-base/kb/best-practices/database/magento-upgrade-compact-to-dynamic-tables-2.2.x-2.3.x-2.4.x.html,https://experienceleague.adobe.com/docs/commerce-operations/implementation-playbook/best-practices/maintenance/commerce-235-upgrade-prerequisites-mariadb.html
https://experienceleague.adobe.com/docs/commerce-knowledge-base/kb/best-practices/configuration/best-practice-for-opcache-memory-size-in-magento-commerce.html,https://experienceleague.adobe.com/docs/commerce-operations/implementation-playbook/best-practices/planning/opcache-memory-size.html
https://experienceleague.adobe.com/docs/commerce-knowledge-base/kb/best-practices/general/troubleshooting-best-practices-for-magento-commerce-cloud.html,https://experienceleague.adobe.com/docs/commerce-operations/implementation-playbook/best-practices/development/troubleshooting.html
https://experienceleague.adobe.com/docs/commerce-knowledge-base/kb/best-practices/database/database-best-practices-for-magento-commerce-cloud.html,https://experienceleague.adobe.com/docs/commerce-operations/implementation-playbook/best-practices/planning/database-on-cloud.html
https://experienceleague.adobe.com/docs/commerce-knowledge-base/kb/best-practices/database/magento-commerce-cloud-best-practice-for-slave-connection.html,https://experienceleague.adobe.com/docs/commerce-operations/implementation-playbook/best-practices/planning/configure-mysql-slave-connection-on-cloud.html
https://experienceleague.adobe.com/docs/commerce-knowledge-base/kb/best-practices/database/most-common-database-issues-in-magento-commerce-cloud.html,https://experienceleague.adobe.com/docs/commerce-operations/implementation-playbook/best-practices/maintenance/resolve-database-performance-issues.html
https://experienceleague.adobe.com/docs/commerce-knowledge-base/kb/best-practices/configuration/optimize-css-and-js-files-in-magento-commerce.html,https://experienceleague.adobe.com/docs/commerce-operations/implementation-playbook/best-practices/development/optimize-css-js-files.html
https://experienceleague.adobe.com/docs/commerce-knowledge-base/kb/best-practices/configuration/realpath-cache-size-best-practice.html,https://experienceleague.adobe.com/docs/commerce-operations/implementation-playbook/best-practices/planning/realpath-cache-size.html
https://experienceleague.adobe.com/docs/commerce-knowledge-base/kb/best-practices/general/static-content-deploy-best-practices-in-magento.html,https://experienceleague.adobe.com/docs/commerce-operations/implementation-playbook/best-practices/development/static-content-deployment.html
https://experienceleague.adobe.com/docs/commerce-knowledge-base/kb/best-practices/general/adobe-security-notification-service.html,https://experienceleague.adobe.com/docs/commerce-operations/implementation-playbook/best-practices/launch/security-notification-service.html
https://experienceleague.adobe.com/docs/commerce-knowledge-base/kb/best-practices/security/best-practices-for-magento-robots.txt.html,https://experienceleague.adobe.com/docs/commerce-operations/implementation-playbook/best-practices/launch/robots-txt.html
https://experienceleague.adobe.com/docs/commerce-knowledge-base/kb/best-practices/performance/magento-best-practice-enable-asynchronous-orders-processing.html,https://experienceleague.adobe.com/docs/commerce-operations/implementation-playbook/best-practices/maintenance/order-processing-configuration.html
https://experienceleague.adobe.com/docs/commerce-knowledge-base/kb/best-practices/performance/indexers-update-on-schedule-optimizes-magento-performance.html,https://experienceleague.adobe.com/docs/commerce-operations/implementation-playbook/best-practices/maintenance/indexer-configuration.html
https://experienceleague.adobe.com/docs/commerce-knowledge-base/kb/best-practices/general/magento-best-practice-update-services-and-components-to-latest-version.html,https://experienceleague.adobe.com/docs/commerce-operations/implementation-playbook/best-practices/maintenance/update-services.html
https://experienceleague.adobe.com/docs/commerce-knowledge-base/kb/best-practices/general/upgrade-plan-checklist-for-magento-commerce.html,https://experienceleague.adobe.com/docs/commerce-operations/implementation-playbook/best-practices/maintenance/upgrade-checklist.html
https://experienceleague.adobe.com/docs/commerce-knowledge-base/kb/best-practices/performance/product-limits-best-practice.html,https://experienceleague.adobe.com/docs/commerce-operations/implementation-playbook/best-practices/planning/product-sku-limits.html
https://experienceleague.adobe.com/docs/commerce-knowledge-base/kb/best-practices/performance/best-practice-for-number-of-products-in-cart-in-magento.html,https://experienceleague.adobe.com/docs/commerce-operations/implementation-playbook/best-practices/planning/product-cart.html
https://experienceleague.adobe.com/docs/commerce-knowledge-base/kb/best-practices/performance/best-practice-magento-product-attributes.html,https://experienceleague.adobe.com/docs/commerce-operations/implementation-playbook/best-practices/planning/product-attributes-and-options.html
https://experienceleague.adobe.com/docs/commerce-knowledge-base/kb/best-practices/general/work-with-partners.html,https://experienceleague.adobe.com/docs/commerce-operations/implementation-playbook/best-practices/planning/partner-escalation.html
https://experienceleague.adobe.com/docs/commerce-knowledge-base/kb/best-practices/general/best-practices-for-using-third-party-extensions-in-magento.html,https://experienceleague.adobe.com/docs/commerce-operations/implementation-playbook/best-practices/planning/extensions.html
https://experienceleague.adobe.com/docs/commerce-knowledge-base/kb/best-practices/performance/best-practices-of-sites-stores-and-store-view-numbers.html,https://experienceleague.adobe.com/docs/commerce-operations/implementation-playbook/best-practices/planning/sites-stores-store-views.html
https://experienceleague.adobe.com/docs/commerce-knowledge-base/kb/best-practices/performance/best-practice-magento-order-placement-performance.html,https://experienceleague.adobe.com/docs/commerce-operations/implementation-playbook/best-practices/maintenance/order-processing-configuration.html
https://experienceleague.adobe.com/docs/commerce-knowledge-base/kb/best-practices/performance/magento-best-practice-disable-reports-if-not-using.html,https://experienceleague.adobe.com/docs/commerce-operations/implementation-playbook/best-practices/planning/reporting-configuration.html
https://experienceleague.adobe.com/docs/commerce-knowledge-base/kb/best-practices/performance/best-practices-for-magento-product-attribute-options.html,https://experienceleague.adobe.com/docs/commerce-operations/implementation-playbook/best-practices/planning/product-attributes-and-options.html
https://experienceleague.adobe.com/docs/commerce-knowledge-base/kb/best-practices/performance/best-practice-for-attribute-set-in-magento.html,https://experienceleague.adobe.com/docs/commerce-operations/implementation-playbook/best-practices/planning/product-attributes-and-options.html
https://experienceleague.adobe.com/docs/commerce-knowledge-base/kb/best-practices/performance/best-practice-magento-product-variations.html,https://experienceleague.adobe.com/docs/commerce-operations/implementation-playbook/best-practices/planning/product-variations.html
https://experienceleague.adobe.com/docs/commerce-knowledge-base/kb/best-practices/performance/products-per-page-limit-magento.html,https://experienceleague.adobe.com/docs/commerce-operations/implementation-playbook/best-practices/planning/product-listing-pagination.html
https://experienceleague.adobe.com/docs/commerce-knowledge-base/kb/best-practices/performance/best-practice-magento-number-of-categories-limits.html,https://experienceleague.adobe.com/docs/commerce-operations/implementation-playbook/best-practices/planning/category-limits.html
https://experienceleague.adobe.com/docs/commerce-knowledge-base/kb/best-practices/performance/max-sales-rules-best-practice-in-magento.html,https://experienceleague.adobe.com/docs/commerce-operations/implementation-playbook/best-practices/planning/product-cart-promotions.html
https://experienceleague.adobe.com/docs/commerce-knowledge-base/kb/best-practices/performance/maximum-number-of-coupons-in-magento.html,https://experienceleague.adobe.com/docs/commerce-operations/implementation-playbook/best-practices/planning/product-cart-promotions.html
https://experienceleague.adobe.com/docs/commerce-knowledge-base/kb/best-practices/performance/magento-best-practice-conducting-critical-actions-in-admin.html,https://experienceleague.adobe.com/docs/commerce-operations/implementation-playbook/best-practices/maintenance/scheduling-admin-updates-in-production.html
https://experienceleague.adobe.com/docs/commerce-knowledge-base/kb/best-practices/performance/magento-frontend-performance-best-practices.html,https://experienceleague.adobe.com/docs/commerce-operations/implementation-playbook/best-practices/maintenance/frontend-performance.html
https://experienceleague.adobe.com/docs/commerce-knowledge-base/kb/best-practices/performance/best-practices-for-render-blocking-resources-in-magento.html,https://experienceleague.adobe.com/docs/commerce-operations/implementation-playbook/best-practices/development/optimize-css-js-files.html
https://experienceleague.adobe.com/docs/commerce-knowledge-base/kb/best-practices/performance/isscopeprivate-in-private-content-blocks-slows-magento-performance.html,https://experienceleague.adobe.com/docs/commerce-operations/implementation-playbook/best-practices/development/private-content-block-configuration.html
https://experienceleague.adobe.com/docs/commerce-knowledge-base/kb/best-practices/performance/best-practice-for-images-in-magento-commerce-cloud.html,https://experienceleague.adobe.com/docs/commerce-operations/implementation-playbook/best-practices/development/image-optimization.html
https://experienceleague.adobe.com/docs/commerce-knowledge-base/kb/best-practices/general/whitepaper-delivering-commerce-experiences-at-scale.html,https://experienceleague.adobe.com/docs/commerce-operations/deliver-commerce-at-scale/overview.html
https://experienceleague.adobe.com/docs/commerce-knowledge-base/kb/best-practices/security/prevent-respond-security-incident.html,https://experienceleague.adobe.com/docs/commerce-operations/implementation-playbook/best-practices/launch/prevent-respond-security-incident.html
https://experienceleague.adobe.com/docs/commerce-knowledge-base/kb/best-practices/general/deployment-order-best-practices-for-magento.html,https://devdocs.magento.com/cloud/reference/discover-deploy.html#best-practices
https://experienceleague.adobe.com/docs/commerce-knowledge-base/kb/best-practices/general/improve-magento-commerce-search-performance-with-elasticsearch.html,https://experienceleague.adobe.com/docs/commerce-operations/implementation-playbook/best-practices/planning/database-on-cloud.html